pageid,title
100384,Willem-Alexander of the Netherlands
645053,Hans van den Broek
661242,Robbert Dijkgraaf
1044163,Femke Halsema
4321056,Mark Rutte
7598430,Ahmed Aboutaleb
9491236,Sharon Dijksma
13463888,Frits Korthals Altes
18687903,John Jorritsma
20607968,Herman Tjeenk Willink
23689328,Karien van Gennip
27589278,Hanke Bruins Slot
30934627,Marnix van Rij
31039255,Mark Harbers
31806059,Carola Schouten
32238787,Tjeerd van Dekken
33016488,Jan van Zanen
34298038,Klaas Knot
37042176,Vera Bergkamp
37839724,Désirée Bonis
37999797,Aukje de Vries
40791438,Sigrid Kaag
46393176,Kajsa Ollongren
48908648,Franc Weerwind
55732893,Hugo de Jonge
55783045,Wopke Hoekstra
56146995,Christianne van der Wal
56353405,Guillfred Besaril
58754918,Rob Jetten
61197860,Jan Anthonie Bruijn
62485906,Liesje Schreinemacher
63013366,Dennis Wiersma
63015531,Dilan Yeşilgöz-Zegerius
63051389,Alexandra van Huffelen
63157743,Hans Vijlbrief
67336932,Anthony Begina
67407093,Onno Eichelsheim
68406806,Eric van der Burg
69858890,Ernst Kuipers
69893125,Gunay Uslu
69915219,Vivianne Heijnen
71279413,Micky Adriaansens
71279563,Henk Staghouwer
